PCA,CLUSTERING,K,DISTANCE/WSS,TRAIN_TIME,TEST_TIME,PRECISION,RECALL,ACCURACY
139,kmcuda,3,54.3792610168457,2.3214352130889893,671.3022921085358,10.367659871057676,16.672384990471762,46.9245513155602
139,kmcuda,4,53.579185485839844,2.066014051437378,545.8879261016846,10.83812510890399,19.06686220983137,51.298135563687055
139,kmcuda,5,52.89091873168945,2.6496434211730957,444.319607257843,11.029796131730267,18.46580207270223,49.59052099668932
