PCA,CLUSTERING,K,DISTANCE/WSS,TRAIN_TIME,TEST_TIME,PRECISION,RECALL,ACCURACY
139,kmcuda,2,55.304805755615234,1.7445228099822998,931.8583908081055,10.367659871057676,16.317247349657176,47.77835859905907
