PCA,CLUSTERING,K,DISTANCE/WSS,TRAIN_TIME,TEST_TIME,PRECISION,RECALL,ACCURACY
139,kmcuda,5,52.89091873168945,2.6496434211730957,444.319607257843,11.029796131730267,18.46580207270223,49.59052099668932
